timestamp,session_id,role,content
2025-07-02T22:54:51.499882,demo,user,Trường THPT Marie Curie tuyển sinh lớp mấy trong năm học 2025-2026?
2025-07-02T22:54:51.513660,demo,assistant,Tuyển sinh lớp 10.
2025-07-02T23:32:09.489676,60d2d2bb-c7f5-43bb-9187-bdd936c58c7f,user, Trường THPT Marie Curie tuyển sinh bao nhiêu học sinh?
2025-07-02T23:32:09.495726,60d2d2bb-c7f5-43bb-9187-bdd936c58c7f,assistant,1.000 học sinh.
2025-07-02T23:35:20.911530,60d2d2bb-c7f5-43bb-9187-bdd936c58c7f,user,Trường có tổ chức hoạt động trải nghiệm không?
2025-07-02T23:35:20.915358,60d2d2bb-c7f5-43bb-9187-bdd936c58c7f,assistant,"Có, thường xuyên tổ chức cho học sinh giao lưu văn hóa tại nhiều nước."
2025-07-04T21:23:53.992145,demo,user,Trường THPT Marie Curie tuyển sinh lớp mấy trong năm học 2025-2026?
2025-07-04T21:23:54.010665,demo,assistant,Tuyển sinh lớp 10.
2025-07-04T21:24:49.362311,demo,user,CSDL là gì
2025-07-04T21:24:56.925893,demo,assistant,"CSDL là viết tắt của ""Cơ Sở Dữ Liệu"". Đây là một hệ thống tổ chức và quản lý dữ liệu, cho phép người dùng lưu trữ, truy xuất và quản lý thông tin một cách hiệu quả. CSDL có thể được sử dụng cho nhiều mục đích khác nhau, từ ứng dụng web, quản lý doanh nghiệp, cho đến nghiên cứu và phân tích dữ liệu.

Có nhiều loại cơ sở dữ liệu khác nhau, ví dụ như:

1. **Cơ sở dữ liệu quan hệ (Relational Database)**: Sử dụng bảng để lưu trữ dữ liệu, chẳng hạn như MySQL, PostgreSQL, Oracle.

2. **Cơ sở dữ liệu phi quan hệ (NoSQL Database)**: Được thiết kế để làm việc với dữ liệu phi cấu trúc, như MongoDB, Cassandra.

3. **Cơ sở dữ liệu tạm thời (In-memory Database)**: Lưu trữ dữ liệu chủ yếu trong bộ nhớ để tăng tốc độ truy cập, như Redis.

Trong quá trình phát triển phần mềm, việc thiết kế và quản lý CSDL là một phần quan trọng để đảm bảo được tính chính xác và hiệu suất của ứng dụng."
2025-07-04T21:31:42.418033,ce893542-2d95-440d-80e3-db705b9d04dc,user,trường tuyển bao nhiêu học sinh?
2025-07-04T21:31:42.433605,ce893542-2d95-440d-80e3-db705b9d04dc,assistant,1.000 học sinh.
2025-07-04T21:31:47.198791,ce893542-2d95-440d-80e3-db705b9d04dc,user,CSDL là gì?
2025-07-04T21:31:51.832353,ce893542-2d95-440d-80e3-db705b9d04dc,assistant,"❌ Lỗi khi gọi GPT: Error code: 429 - {'error': {'message': 'You exceeded your current quota, please check your plan and billing details. For more information on this error, read the docs: https://platform.openai.com/docs/guides/error-codes/api-errors.', 'type': 'insufficient_quota', 'param': None, 'code': 'insufficient_quota'}}"
2025-07-04T21:32:34.482199,c9dc4e92-212c-47a0-94d9-3ffdebc670d1,user,CSDL là gì
2025-07-04T21:32:37.827545,c9dc4e92-212c-47a0-94d9-3ffdebc670d1,assistant,"❌ Lỗi khi gọi GPT: Error code: 429 - {'error': {'message': 'You exceeded your current quota, please check your plan and billing details. For more information on this error, read the docs: https://platform.openai.com/docs/guides/error-codes/api-errors.', 'type': 'insufficient_quota', 'param': None, 'code': 'insufficient_quota'}}"
2025-07-04T21:53:02.757741,demo,user,CSDL là gì
2025-07-04T21:53:09.094241,demo,assistant,"CSDL là viết tắt của ""Cơ sở dữ liệu."" Trong ngữ cảnh công nghệ thông tin, cơ sở dữ liệu là một tập hợp các dữ liệu được tổ chức và lưu trữ theo một cách có cấu trúc, cho phép người dùng dễ dàng truy cập, quản lý và xử lý thông tin.

CSDL có thể được phân loại thành nhiều loại khác nhau, bao gồm:

1. **Cơ sở dữ liệu quan hệ (Relational Database)**: Dữ liệu được tổ chức trong các bảng và mối quan hệ giữa các bảng được xác định rõ ràng. Ví dụ: MySQL, PostgreSQL.

2. **Cơ sở dữ liệu phi quan hệ (NoSQL Database)**: Dữ liệu không nhất thiết phải được tổ chức theo cấu trúc bảng. Các loại CSDL này thường được sử dụng cho các ứng dụng cần khả năng mở rộng lớn. Ví dụ: MongoDB, Cassandra.

3. **Cơ sở dữ liệu tạm thời (In-memory Database)**: Dữ liệu được lưu trữ chủ yếu trong bộ nhớ RAM, giúp tăng tốc độ truy cập. Ví dụ: Redis.

4. **Cơ sở dữ liệu phân tán (Distributed Database)**: Dữ liệu được phân phối trên nhiều máy chủ hoặc địa điểm khác nhau.

CSDL rất quan trọng trong nhiều ứng dụng, từ các hệ thống quản lý doanh nghiệp đến các trang web và ứng dụng di động, cho phép lưu trữ và truy xuất dữ liệu một cách hiệu quả."
2025-07-04T21:53:53.408649,88ac3559-3857-41d7-a097-e8fee53bd285,user,CSDL là gì?
2025-07-04T21:53:57.125488,88ac3559-3857-41d7-a097-e8fee53bd285,assistant,"❌ Lỗi khi gọi GPT: Error code: 429 - {'error': {'message': 'You exceeded your current quota, please check your plan and billing details. For more information on this error, read the docs: https://platform.openai.com/docs/guides/error-codes/api-errors.', 'type': 'insufficient_quota', 'param': None, 'code': 'insufficient_quota'}}"
2025-07-04T22:01:23.844018,demo,user,data mining là gì
2025-07-04T22:01:31.805480,demo,assistant,"Data mining (khai thác dữ liệu) là quá trình tìm kiếm và phân tích các mẫu thông tin trong một lượng lớn dữ liệu. Mục tiêu của data mining là khám phá các mẫu, xu hướng và mối quan hệ thú vị trong dữ liệu mà có thể không rõ ràng ngay từ ban đầu. 

Quá trình này thường sử dụng các kỹ thuật từ nhiều lĩnh vực khác nhau, bao gồm thống kê, học máy, và hệ thống cơ sở dữ liệu. Data mining có thể được áp dụng trong nhiều lĩnh vực, chẳng hạn như:

1. **Phân tích thị trường**: Giúp các doanh nghiệp hiểu rõ hơn về hành vi của khách hàng và xu hướng tiêu dùng.
2. **Phát hiện gian lận**: Xác định các mẫu giao dịch bất thường có thể liên quan đến hành vi gian lận.
3. **Y tế**: Phân tích các dữ liệu bệnh nhân để phát hiện các yếu tố nguy cơ và cải thiện chăm sóc sức khỏe.
4. **Dự đoán**: Sử dụng dữ liệu lịch sử để dự đoán các sự kiện tương lai, chẳng hạn như xu hướng bán hàng hoặc nhu cầu sản phẩm.

Các kỹ thuật phổ biến trong data mining bao gồm phân loại, hồi quy, phân cụm, và quy tắc kết hợp. "
2025-07-04T22:35:14.940485,56727b08-aadd-40b6-b8e0-9f955a957c92,user,Cảm ơn Mẫn
2025-07-04T22:35:21.224746,56727b08-aadd-40b6-b8e0-9f955a957c92,assistant,Bạn cần giúp gì thêm không? Mình luôn sẵn sàng hỗ trợ!
2025-07-04T22:39:38.209345,14530648-70ff-4c7f-9d8d-255f19feffae,user,Trường có bao nhiêu nhóm môn học?
2025-07-04T22:39:38.226650,14530648-70ff-4c7f-9d8d-255f19feffae,assistant,7 nhóm.
2025-07-04T22:39:50.437814,14530648-70ff-4c7f-9d8d-255f19feffae,user,Trường tuyển sinh bao nhiêu học sinh?
2025-07-04T22:39:50.452823,14530648-70ff-4c7f-9d8d-255f19feffae,assistant,1.000 học sinh.
2025-07-04T22:40:08.824110,14530648-70ff-4c7f-9d8d-255f19feffae,user,Nguyễn Phan Quốc Đại là ai?
2025-07-04T22:40:11.975069,14530648-70ff-4c7f-9d8d-255f19feffae,assistant,"Nguyễn Phan Quốc Đại là một cái tên có thể chỉ đến nhiều người khác nhau. Nếu bạn đang đề cập đến một người có liên quan đến một lĩnh vực cụ thể như giáo dục, nghệ thuật, thể thao hoặc một bối cảnh nào đó, bạn có thể cung cấp thêm thông tin để tôi có thể giúp bạn chính xác hơn. Nếu có thêm chi tiết cụ thể về người này, tôi sẽ cố gắng hỗ trợ bạn tốt nhất!"
2025-07-04T22:46:45.455444,0dbd1999-1af4-4d44-ac30-f234ea694b47,user,Trường tuyển sinh bao nhiêu học sinh?
2025-07-04T22:46:45.491782,0dbd1999-1af4-4d44-ac30-f234ea694b47,assistant,1.000 học sinh.
2025-07-04T22:46:55.955487,0dbd1999-1af4-4d44-ac30-f234ea694b47,user,trường có bao nhiêu nhóm môn học?
2025-07-04T22:46:55.971861,0dbd1999-1af4-4d44-ac30-f234ea694b47,assistant,7 nhóm.
2025-07-04T22:47:07.223452,0dbd1999-1af4-4d44-ac30-f234ea694b47,user,Nguyễn Lê Thảo Trâm là ai?
2025-07-04T22:47:10.426487,0dbd1999-1af4-4d44-ac30-f234ea694b47,assistant,"Xin lỗi, tôi không có thông tin cụ thể về người tên Nguyễn Lê Thảo Trâm. Có thể đây là một người không nổi tiếng hoặc thông tin về họ không có sẵn trong dữ liệu mà tôi được đào tạo. Nếu bạn có thêm thông tin hoặc ngữ cảnh về người này, tôi sẵn sàng giúp bạn tìm hiểu thêm!"
